"FolderPath","FolderName","LastWriteTime"
"东吉图片原图工厂自拍图","东吉图片原图工厂自拍图","2026-06-13 23:07:43"
"广东东吉公司资料","广东东吉公司资料","2026-06-13 22:56:13"
"东吉图片原图工厂自拍图\DDR散热器","DDR散热器","2026-06-13 22:56:18"
"东吉图片原图工厂自拍图\华创","华创","2026-06-13 22:57:12"
"东吉图片原图工厂自拍图\华源聚能VC","华源聚能VC","2026-06-13 22:58:21"
"东吉图片原图工厂自拍图\同烨","同烨","2026-06-13 23:00:41"
"东吉图片原图工厂自拍图\型材","型材","2026-06-13 23:03:23"
"东吉图片原图工厂自拍图\模组","模组","2026-06-13 23:03:28"
"东吉图片原图工厂自拍图\水冷板","水冷板","2026-06-13 23:03:29"
"东吉图片原图工厂自拍图\液冷板自己拍摄图片","液冷板自己拍摄图片","2026-06-13 23:03:55"
"东吉图片原图工厂自拍图\石墨烯","石墨烯","2026-06-13 23:07:27"
"东吉图片原图工厂自拍图\矿机液冷板","矿机液冷板","2026-06-13 23:07:43"
"东吉图片原图工厂自拍图\铜钼","铜钼","2026-06-13 23:08:57"
"东吉图片原图工厂自拍图\液冷板自己拍摄图片\VC均热板","VC均热板","2026-06-13 23:03:54"
"东吉图片原图工厂自拍图\液冷板自己拍摄图片\作图网站用","作图网站用","2026-06-13 23:03:55"
"东吉图片原图工厂自拍图\液冷板自己拍摄图片\大图-拍摄240613","大图-拍摄240613","2026-06-13 23:04:38"
"东吉图片原图工厂自拍图\液冷板自己拍摄图片\大图-拍摄240613\东吉液冷选型表","东吉液冷选型表","2026-06-13 23:04:53"
"东吉图片原图工厂自拍图\液冷板自己拍摄图片\大图-拍摄240613\东吉液冷选型表\3080双宽液冷板","3080双宽液冷板","2026-06-13 23:04:39"
"东吉图片原图工厂自拍图\液冷板自己拍摄图片\大图-拍摄240613\东吉液冷选型表\3090双宽液冷板","3090双宽液冷板","2026-06-13 23:04:40"
"东吉图片原图工厂自拍图\液冷板自己拍摄图片\大图-拍摄240613\东吉液冷选型表\4090单宽液冷板","4090单宽液冷板","2026-06-13 23:04:43"
"东吉图片原图工厂自拍图\液冷板自己拍摄图片\大图-拍摄240613\东吉液冷选型表\DTC-1000 1200 1500液冷板","DTC-1000 1200 1500液冷板","2026-06-13 23:04:44"
"东吉图片原图工厂自拍图\液冷板自己拍摄图片\大图-拍摄240613\东吉液冷选型表\Eagle-stream液冷板1","Eagle-stream液冷板1","2026-06-13 23:04:46"
"东吉图片原图工厂自拍图\液冷板自己拍摄图片\大图-拍摄240613\东吉液冷选型表\Eagle-stream液冷板2","Eagle-stream液冷板2","2026-06-13 23:04:49"
"东吉图片原图工厂自拍图\液冷板自己拍摄图片\大图-拍摄240613\东吉液冷选型表\H800单宽液冷板","H800单宽液冷板","2026-06-13 23:04:50"
"东吉图片原图工厂自拍图\液冷板自己拍摄图片\大图-拍摄240613\东吉液冷选型表\IGBT液冷板","IGBT液冷板","2026-06-13 23:04:50"
"东吉图片原图工厂自拍图\液冷板自己拍摄图片\大图-拍摄240613\东吉液冷选型表\MOS液冷板","MOS液冷板","2026-06-13 23:04:51"
"东吉图片原图工厂自拍图\液冷板自己拍摄图片\大图-拍摄240613\东吉液冷选型表\SP5液冷板","SP5液冷板","2026-06-13 23:04:53"
"东吉图片原图工厂自拍图\液冷板自己拍摄图片\大图-拍摄240613\东吉液冷选型表\X3液冷板","X3液冷板","2026-06-13 23:04:54"
"广东东吉公司资料\NLV72","NLV72","2026-06-13 22:52:32"
"广东东吉公司资料\tonecooling.com东吉英文主网站WP登录账号","tonecooling.com东吉英文主网站WP登录账号","2026-06-13 22:53:24"
"广东东吉公司资料\tonecooling2026年最新Logo","tonecooling2026年最新Logo","2026-06-13 22:53:25"
"广东东吉公司资料\tonecooling_pdf_images_for_11_support_pages","tonecooling_pdf_images_for_11_support_pages","2026-06-13 22:53:26"
"广东东吉公司资料\ToneCooling建站方案和B2B平台入住","ToneCooling建站方案和B2B平台入住","2026-06-13 22:53:29"
"广东东吉公司资料\广东东吉公司资料","广东东吉公司资料","2026-06-13 22:55:29"
"广东东吉公司资料\德国展会","德国展会","2026-02-06 12:22:18"
"广东东吉公司资料\标准资料包","标准资料包","2026-06-13 22:55:29"
"广东东吉公司资料\欧洲公司注册","欧洲公司注册","2026-06-13 22:55:29"
"广东东吉公司资料\澳洲ToneCooling  Australia","澳洲ToneCooling  Australia","2026-06-13 22:55:59"
"广东东吉公司资料\美国公司注册","美国公司注册","2026-06-13 22:56:13"
"广东东吉公司资料\认证要求","认证要求","2026-06-13 22:56:13"
"广东东吉公司资料\邮件签名","邮件签名","2026-03-13 22:45:26"
"广东东吉公司资料\集装箱计算","集装箱计算","2026-06-13 22:56:13"
"广东东吉公司资料\龙虾资料","龙虾资料","2026-06-13 22:56:13"
"广东东吉公司资料\tonecooling.com东吉英文主网站WP登录账号\Claudeway新服务器和WP--ToneCooling网站","Claudeway新服务器和WP--ToneCooling网站","2026-06-13 22:52:32"
"广东东吉公司资料\tonecooling.com东吉英文主网站WP登录账号\ToneCooling备份","ToneCooling备份","2026-06-13 22:53:24"
"广东东吉公司资料\tonecooling.com东吉英文主网站WP登录账号\外链","外链","2026-06-13 22:53:24"
"广东东吉公司资料\tonecooling.com东吉英文主网站WP登录账号\外链\NVIDIA H200 liquid cooling plate","NVIDIA H200 liquid cooling plate","2026-06-13 22:53:24"
"广东东吉公司资料\ToneCooling建站方案和B2B平台入住\北美B2B平台","北美B2B平台","2026-06-13 22:53:27"
"广东东吉公司资料\ToneCooling建站方案和B2B平台入住\欧洲B2B平台","欧洲B2B平台","2026-06-13 22:53:28"
"广东东吉公司资料\ToneCooling建站方案和B2B平台入住\欧洲站方案","欧洲站方案","2026-06-13 22:53:29"
"广东东吉公司资料\ToneCooling建站方案和B2B平台入住\澳新B2B平台","澳新B2B平台","2026-06-13 22:53:29"
"广东东吉公司资料\ToneCooling建站方案和B2B平台入住\北美B2B平台\tonecooling-seo-images","tonecooling-seo-images","2026-06-13 22:53:28"
"广东东吉公司资料\ToneCooling建站方案和B2B平台入住\欧洲B2B平台\europages-product-images","europages-product-images","2026-06-13 22:53:28"
"广东东吉公司资料\ToneCooling建站方案和B2B平台入住\欧洲B2B平台\tonecooling-seo-images","tonecooling-seo-images","2026-06-13 22:53:29"
"广东东吉公司资料\ToneCooling建站方案和B2B平台入住\澳新B2B平台\tonecooling-seo-images","tonecooling-seo-images","2026-06-13 22:53:30"
"广东东吉公司资料\广东东吉公司资料\东吉核心产品PPT","东吉核心产品PPT","2026-06-13 22:54:46"
"广东东吉公司资料\广东东吉公司资料\博罗租房资料","博罗租房资料","2026-06-13 22:55:26"
"广东东吉公司资料\广东东吉公司资料\大厂上系统资料包基本资料","大厂上系统资料包基本资料","2026-06-13 22:55:27"
"广东东吉公司资料\广东东吉公司资料\工厂资源","工厂资源","2026-06-13 22:55:27"
"广东东吉公司资料\广东东吉公司资料\广东东吉中文官网","广东东吉中文官网","2026-06-13 22:55:27"
"广东东吉公司资料\广东东吉公司资料\广东东吉热控电子章","广东东吉热控电子章","2026-06-13 22:55:27"
"广东东吉公司资料\广东东吉公司资料\广东东吉英文LOGO新","广东东吉英文LOGO新","2026-06-13 22:55:27"
"广东东吉公司资料\广东东吉公司资料\深圳海悟热控","深圳海悟热控","2026-06-13 22:55:27"
"广东东吉公司资料\广东东吉公司资料\澳洲公司牌子","澳洲公司牌子","2026-06-13 22:55:29"
"广东东吉公司资料\广东东吉公司资料\澳洲招聘","澳洲招聘","2026-06-13 22:55:29"
"广东东吉公司资料\广东东吉公司资料\东吉核心产品PPT\ToneCooling 风冷产品","ToneCooling 风冷产品","2026-06-13 22:54:06"
"广东东吉公司资料\广东东吉公司资料\东吉核心产品PPT\venticool-cold-plates","venticool-cold-plates","2026-06-13 22:54:11"
"广东东吉公司资料\广东东吉公司资料\东吉核心产品PPT\产品单页规格书-英文","产品单页规格书-英文","2026-06-13 22:54:27"
"广东东吉公司资料\广东东吉公司资料\东吉核心产品PPT\储能与动力电池液冷板","储能与动力电池液冷板","2026-06-13 22:54:27"
"广东东吉公司资料\广东东吉公司资料\东吉核心产品PPT\广东东吉热控水冷开发-Water-Cooling","广东东吉热控水冷开发-Water-Cooling","2026-06-13 22:54:29"
"广东东吉公司资料\广东东吉公司资料\东吉核心产品PPT\广东东吉热控目前开发水冷产品","广东东吉热控目前开发水冷产品","2026-06-13 22:54:32"
"广东东吉公司资料\广东东吉公司资料\东吉核心产品PPT\广东东吉热控目前开发水冷产品(1)","广东东吉热控目前开发水冷产品(1)","2026-06-13 22:54:32"
"广东东吉公司资料\广东东吉公司资料\东吉核心产品PPT\新建文件夹","新建文件夹","2026-06-13 22:54:37"
"广东东吉公司资料\广东东吉公司资料\东吉核心产品PPT\新建文件夹 (2)","新建文件夹 (2)","2026-06-09 05:33:56"
"广东东吉公司资料\广东东吉公司资料\东吉核心产品PPT\最终版本","最终版本","2026-06-02 18:25:54"
"广东东吉公司资料\广东东吉公司资料\东吉核心产品PPT\液冷产品-mutool提取图","液冷产品-mutool提取图","2026-06-13 22:54:44"
"广东东吉公司资料\广东东吉公司资料\东吉核心产品PPT\选型表34款(真实参数+图)","选型表34款(真实参数+图)","2026-06-13 22:54:45"
"广东东吉公司资料\广东东吉公司资料\东吉核心产品PPT\风冷产品-Air-Cooling","风冷产品-Air-Cooling","2026-06-13 22:55:26"
"广东东吉公司资料\广东东吉公司资料\东吉核心产品PPT\venticool-cold-plates\datasheets","datasheets","2026-06-13 22:54:11"
"广东东吉公司资料\广东东吉公司资料\东吉核心产品PPT\venticool-cold-plates\images","images","2026-06-13 22:54:13"
"广东东吉公司资料\广东东吉公司资料\东吉核心产品PPT\产品单页规格书-英文\Design A","Design A","2026-06-13 22:54:23"
"广东东吉公司资料\广东东吉公司资料\东吉核心产品PPT\产品单页规格书-英文\产品高清图(102张源图)","产品高清图(102张源图)","2026-06-13 22:54:27"
"广东东吉公司资料\广东东吉公司资料\东吉核心产品PPT\产品单页规格书-英文\网站上线包(待上传)","网站上线包(待上传)","2026-06-13 22:54:27"
"广东东吉公司资料\广东东吉公司资料\东吉核心产品PPT\产品单页规格书-英文\Design A\01 Flagship Direct-to-Chip Kits","01 Flagship Direct-to-Chip Kits","2026-06-13 22:54:14"
"广东东吉公司资料\广东东吉公司资料\东吉核心产品PPT\产品单页规格书-英文\Design A\02 Verified - CPU Cold Plates (Intel-AMD)","02 Verified - CPU Cold Plates (Intel-AMD)","2026-06-13 22:54:14"
"广东东吉公司资料\广东东吉公司资料\东吉核心产品PPT\产品单页规格书-英文\Design A\03 Verified - NVIDIA GPU AI Cold Plates","03 Verified - NVIDIA GPU AI Cold Plates","2026-06-13 22:54:15"
"广东东吉公司资料\广东东吉公司资料\东吉核心产品PPT\产品单页规格书-英文\Design A\04 Verified - Domestic CPU-GPU Cold Plates","04 Verified - Domestic CPU-GPU Cold Plates","2026-06-13 22:54:17"
"广东东吉公司资料\广东东吉公司资料\东吉核心产品PPT\产品单页规格书-英文\Design A\05 Verified - Direct-to-Chip & Optical","05 Verified - Direct-to-Chip & Optical","2026-06-13 22:54:18"
"广东东吉公司资料\广东东吉公司资料\东吉核心产品PPT\产品单页规格书-英文\Design A\06 Verified - Power & Industrial","06 Verified - Power & Industrial","2026-06-13 22:54:19"
"广东东吉公司资料\广东东吉公司资料\东吉核心产品PPT\产品单页规格书-英文\Design A\07 Server Open-Loop Cold Plates","07 Server Open-Loop Cold Plates","2026-06-13 22:54:19"
"广东东吉公司资料\广东东吉公司资料\东吉核心产品PPT\产品单页规格书-英文\Design A\08 1U AIO Server Coolers","08 1U AIO Server Coolers","2026-06-13 22:54:19"
"广东东吉公司资料\广东东吉公司资料\东吉核心产品PPT\产品单页规格书-英文\Design A\09 2U AIO Server Coolers","09 2U AIO Server Coolers","2026-06-13 22:54:19"
"广东东吉公司资料\广东东吉公司资料\东吉核心产品PPT\产品单页规格书-英文\Design A\10 4U & Dual-CPU AIO","10 4U & Dual-CPU AIO","2026-06-13 22:54:20"
"广东东吉公司资料\广东东吉公司资料\东吉核心产品PPT\产品单页规格书-英文\Design A\11 GPU Multi-GPU Modules","11 GPU Multi-GPU Modules","2026-06-13 22:54:20"
"广东东吉公司资料\广东东吉公司资料\东吉核心产品PPT\产品单页规格书-英文\Design A\12 CPU-GPU AIO Coolers","12 CPU-GPU AIO Coolers","2026-06-13 22:54:20"
"广东东吉公司资料\广东东吉公司资料\东吉核心产品PPT\产品单页规格书-英文\Design A\13 Industry-Specific Modules","13 Industry-Specific Modules","2026-06-13 22:54:21"
"广东东吉公司资料\广东东吉公司资料\东吉核心产品PPT\产品单页规格书-英文\Design A\14 Manifold & ITC","14 Manifold & ITC","2026-06-13 22:54:21"
"广东东吉公司资料\广东东吉公司资料\东吉核心产品PPT\产品单页规格书-英文\Design A\15 Coolant Distribution Units (CDU)","15 Coolant Distribution Units (CDU)","2026-06-13 22:54:22"
"广东东吉公司资料\广东东吉公司资料\东吉核心产品PPT\产品单页规格书-英文\Design A\16 Energy-Storage (BESS) Cooling","16 Energy-Storage (BESS) Cooling","2026-06-13 22:54:22"
"广东东吉公司资料\广东东吉公司资料\东吉核心产品PPT\产品单页规格书-英文\Design A\17 EV Charging-Station Cooling","17 EV Charging-Station Cooling","2026-06-13 22:54:22"
"广东东吉公司资料\广东东吉公司资料\东吉核心产品PPT\产品单页规格书-英文\Design A\18 CO2 Heat-Pump Compressors","18 CO2 Heat-Pump Compressors","2026-06-13 22:54:22"
"广东东吉公司资料\广东东吉公司资料\东吉核心产品PPT\产品单页规格书-英文\Design A\19 DC Circulation Pumps","19 DC Circulation Pumps","2026-06-13 22:54:23"
"广东东吉公司资料\广东东吉公司资料\东吉核心产品PPT\产品单页规格书-英文\Design A\20 DC Cooling Fans","20 DC Cooling Fans","2026-06-13 22:54:23"
"广东东吉公司资料\广东东吉公司资料\东吉核心产品PPT\产品单页规格书-英文\Design A\_重复归档(superseded)","_重复归档(superseded)","2026-06-13 22:54:24"
"广东东吉公司资料\广东东吉公司资料\东吉核心产品PPT\储能与动力电池液冷板\datasheets","datasheets","2026-06-13 22:54:27"
"广东东吉公司资料\广东东吉公司资料\东吉核心产品PPT\储能与动力电池液冷板\images","images","2026-06-13 22:54:28"
"广东东吉公司资料\广东东吉公司资料\东吉核心产品PPT\广东东吉热控水冷开发-Water-Cooling\datasheets","datasheets","2026-06-13 22:54:29"
"广东东吉公司资料\广东东吉公司资料\东吉核心产品PPT\广东东吉热控水冷开发-Water-Cooling\images","images","2026-06-13 22:54:31"
"广东东吉公司资料\广东东吉公司资料\东吉核心产品PPT\广东东吉热控水冷开发-Water-Cooling\datasheets\01-aio-liquid-coolers","01-aio-liquid-coolers","2026-06-13 22:54:28"
"广东东吉公司资料\广东东吉公司资料\东吉核心产品PPT\广东东吉热控水冷开发-Water-Cooling\datasheets\02-brazed-water-cooling-heads","02-brazed-water-cooling-heads","2026-06-13 22:54:29"
"广东东吉公司资料\广东东吉公司资料\东吉核心产品PPT\广东东吉热控水冷开发-Water-Cooling\datasheets\03-liquid-cold-plates","03-liquid-cold-plates","2026-06-13 22:54:29"
"广东东吉公司资料\广东东吉公司资料\东吉核心产品PPT\广东东吉热控水冷开发-Water-Cooling\datasheets\04-automotive-liquid-cooling","04-automotive-liquid-cooling","2026-06-13 22:54:29"
"广东东吉公司资料\广东东吉公司资料\东吉核心产品PPT\新建文件夹\一体式水冷散热","一体式水冷散热","2026-06-13 22:54:40"
"广东东吉公司资料\广东东吉公司资料\东吉核心产品PPT\液冷产品-mutool提取图\_masks_遮罩","_masks_遮罩","2026-06-13 22:54:43"
"广东东吉公司资料\广东东吉公司资料\东吉核心产品PPT\液冷产品-mutool提取图\_修剪版trimmed","_修剪版trimmed","2026-06-13 22:54:44"
"广东东吉公司资料\广东东吉公司资料\东吉核心产品PPT\液冷产品-mutool提取图\_非产品","_非产品","2026-06-13 22:54:45"
"广东东吉公司资料\广东东吉公司资料\东吉核心产品PPT\液冷产品-mutool提取图\_修剪版trimmed\_非产品(logo)","_非产品(logo)","2026-06-13 22:54:44"
"广东东吉公司资料\广东东吉公司资料\东吉核心产品PPT\选型表34款(真实参数+图)\images","images","2026-06-13 22:54:46"
"广东东吉公司资料\广东东吉公司资料\东吉核心产品PPT\风冷产品-Air-Cooling\datasheets","datasheets","2026-06-13 22:55:00"
"广东东吉公司资料\广东东吉公司资料\东吉核心产品PPT\风冷产品-Air-Cooling\images","images","2026-06-13 22:55:21"
"广东东吉公司资料\广东东吉公司资料\东吉核心产品PPT\风冷产品-Air-Cooling\thumbs","thumbs","2026-06-13 22:55:24"
"广东东吉公司资料\广东东吉公司资料\东吉核心产品PPT\风冷产品-Air-Cooling\_laser_cfd","_laser_cfd","2026-06-13 22:55:24"
"广东东吉公司资料\广东东吉公司资料\东吉核心产品PPT\风冷产品-Air-Cooling\_reports","_reports","2026-06-13 22:55:25"
"广东东吉公司资料\广东东吉公司资料\东吉核心产品PPT\风冷产品-Air-Cooling\_reports_src","_reports_src","2026-06-13 22:55:25"
"广东东吉公司资料\广东东吉公司资料\东吉核心产品PPT\风冷产品-Air-Cooling\单页样板","单页样板","2026-06-13 22:55:26"
"广东东吉公司资料\广东东吉公司资料\东吉核心产品PPT\风冷产品-Air-Cooling\datasheets\01-desktop-tower-coolers","01-desktop-tower-coolers","2026-06-13 22:54:52"
"广东东吉公司资料\广东东吉公司资料\东吉核心产品PPT\风冷产品-Air-Cooling\datasheets\02-1u-server-cpu-coolers","02-1u-server-cpu-coolers","2026-06-13 22:54:53"
"广东东吉公司资料\广东东吉公司资料\东吉核心产品PPT\风冷产品-Air-Cooling\datasheets\03-2u-server-cpu-coolers","03-2u-server-cpu-coolers","2026-06-13 22:55:00"
"广东东吉公司资料\广东东吉公司资料\东吉核心产品PPT\风冷产品-Air-Cooling\datasheets\04-4u-server-cpu-coolers","04-4u-server-cpu-coolers","2026-06-13 22:55:05"
"广东东吉公司资料\广东东吉公司资料\东吉核心产品PPT\风冷产品-Air-Cooling\_reports_src\egs","egs","2026-06-13 22:55:25"
"广东东吉公司资料\广东东吉公司资料\东吉核心产品PPT\风冷产品-Air-Cooling\_reports_src\sp5","sp5","2026-06-13 22:55:25"
"广东东吉公司资料\广东东吉公司资料\东吉核心产品PPT\风冷产品-Air-Cooling\_reports_src\x3","x3","2026-06-13 22:55:26"
"广东东吉公司资料\广东东吉公司资料\大厂上系统资料包基本资料\1）营业执照公章","1）营业执照公章","2026-06-13 22:55:26"
"广东东吉公司资料\广东东吉公司资料\大厂上系统资料包基本资料\2）广东东吉公司抬头中英文、注册地址工厂地址、邮编、电话、联系人","2）广东东吉公司抬头中英文、注册地址工厂地址、邮编、电话、联系人","2026-06-13 22:55:26"
"广东东吉公司资料\广东东吉公司资料\大厂上系统资料包基本资料\3）广东东吉银行信息","3）广东东吉银行信息","2026-06-13 22:55:27"
"广东东吉公司资料\广东东吉公司资料\大厂上系统资料包基本资料\4）税务信息","4）税务信息","2026-06-13 22:55:27"
"广东东吉公司资料\广东东吉公司资料\大厂上系统资料包基本资料\5）体系证书：ISO 9001  14001  45001","5）体系证书：ISO 9001  14001  45001","2026-01-06 15:51:32"
"广东东吉公司资料\广东东吉公司资料\大厂上系统资料包基本资料\6)合规材料：RoHSREACH无卤声明（按他们模板走更快）、冲突矿物声明（CMRT或他们内部表）","6)合规材料：RoHSREACH无卤声明（按他们模板走更快）、冲突矿物声明（CMRT或他们内部表）","2026-01-06 15:52:08"
"广东东吉公司资料\广东东吉公司资料\大厂上系统资料包基本资料\7)公司组织与关键岗位：GM制造品质财务","7)公司组织与关键岗位：GM制造品质财务","2026-01-06 15:52:13"
"广东东吉公司资料\广东东吉公司资料\大厂上系统资料包基本资料\8)质量能力附件：来料制程出货检验流程、追溯规则、检验报告模板、关键设备清单","8)质量能力附件：来料制程出货检验流程、追溯规则、检验报告模板、关键设备清单","2026-01-06 15:52:16"
"广东东吉公司资料\广东东吉公司资料\大厂上系统资料包基本资料\原产地证","原产地证","2026-06-13 22:55:27"
"广东东吉公司资料\广东东吉公司资料\大厂上系统资料包基本资料\广东东吉名片","广东东吉名片","2026-06-13 22:55:27"
"广东东吉公司资料\广东东吉公司资料\大厂上系统资料包基本资料\报关出口资料","报关出口资料","2026-06-13 22:55:27"
"广东东吉公司资料\广东东吉公司资料\大厂上系统资料包基本资料\3）广东东吉银行信息\人民币民生银行","人民币民生银行","2026-06-13 22:55:27"
"广东东吉公司资料\广东东吉公司资料\大厂上系统资料包基本资料\3）广东东吉银行信息\退税事项","退税事项","2026-06-13 22:55:27"
"广东东吉公司资料\广东东吉公司资料\大厂上系统资料包基本资料\3）广东东吉银行信息\退税事项\韩国退税资料","韩国退税资料","2026-04-13 12:14:52"
"广东东吉公司资料\广东东吉公司资料\广东东吉中文官网\广东东吉网站","广东东吉网站","2026-06-13 22:55:27"
"广东东吉公司资料\广东东吉公司资料\广东东吉中文官网\广东东吉网站\ToneCooling SEO  GEO Agent v1","ToneCooling SEO  GEO Agent v1","2026-06-13 22:55:27"
"广东东吉公司资料\广东东吉公司资料\广东东吉中文官网\广东东吉网站\ToneCooling SEO  GEO Agent v1\1)Keyword Map","1)Keyword Map","2026-03-07 20:19:44"
"广东东吉公司资料\广东东吉公司资料\广东东吉中文官网\广东东吉网站\ToneCooling SEO  GEO Agent v1\2)Page Inventory","2)Page Inventory","2026-03-07 20:19:48"
"广东东吉公司资料\广东东吉公司资料\广东东吉中文官网\广东东吉网站\ToneCooling SEO  GEO Agent v1\3)Page Templates","3)Page Templates","2026-03-07 20:19:51"
"广东东吉公司资料\广东东吉公司资料\广东东吉中文官网\广东东吉网站\ToneCooling SEO  GEO Agent v1\4)Content Knowledge Base","4)Content Knowledge Base","2026-03-07 20:19:54"
"广东东吉公司资料\广东东吉公司资料\广东东吉中文官网\广东东吉网站\ToneCooling SEO  GEO Agent v1\5)Internal Link Map","5)Internal Link Map","2026-03-07 20:22:05"
"广东东吉公司资料\广东东吉公司资料\广东东吉中文官网\广东东吉网站\ToneCooling SEO  GEO Agent v1\6)Performance Tracker","6)Performance Tracker","2026-03-07 20:22:11"
"广东东吉公司资料\广东东吉公司资料\深圳海悟热控\产品介绍","产品介绍","2026-06-13 22:55:28"
"广东东吉公司资料\标准资料包\官网公开下载：用 v6 Sales","官网公开下载：用 v6 Sales","2026-06-13 22:55:29"
"广东东吉公司资料\标准资料包\新建文件夹","新建文件夹","2026-03-26 10:55:55"
"广东东吉公司资料\标准资料包\新建文件夹 (2)","新建文件夹 (2)","2026-03-26 10:56:12"
"广东东吉公司资料\欧洲公司注册\域名邮箱服务器","域名邮箱服务器","2026-06-13 22:55:29"
"广东东吉公司资料\欧洲公司注册\欧洲ToneCooling","欧洲ToneCooling","2026-06-13 22:55:37"
"广东东吉公司资料\欧洲公司注册\欧洲ToneCooling\tc-catalogue","tc-catalogue","2026-06-13 22:55:34"
"广东东吉公司资料\欧洲公司注册\欧洲ToneCooling\公司注册","公司注册","2026-06-13 22:55:38"
"广东东吉公司资料\欧洲公司注册\欧洲ToneCooling\tc-catalogue\img","img","2026-06-13 22:55:37"
"广东东吉公司资料\欧洲公司注册\欧洲ToneCooling\公司注册\付款265凭证","付款265凭证","2026-06-13 22:55:37"
"广东东吉公司资料\欧洲公司注册\欧洲ToneCooling\公司注册\发票","发票","2026-06-13 22:55:37"
"广东东吉公司资料\欧洲公司注册\欧洲ToneCooling\公司注册\地址提供","地址提供","2026-06-13 22:55:37"
"广东东吉公司资料\欧洲公司注册\欧洲ToneCooling\公司注册\欧洲网站建设","欧洲网站建设","2026-06-13 22:55:37"
"广东东吉公司资料\欧洲公司注册\欧洲ToneCooling\公司注册\注册号营业执照","注册号营业执照","2026-06-13 22:55:38"
"广东东吉公司资料\欧洲公司注册\欧洲ToneCooling\公司注册\税务","税务","2026-06-13 22:55:38"
"广东东吉公司资料\欧洲公司注册\欧洲ToneCooling\公司注册\付款265凭证\265欧官费2120120414967209_2026-06-02_2026-06-02","265欧官费2120120414967209_2026-06-02_2026-06-02","2026-06-13 22:55:37"
"广东东吉公司资料\欧洲公司注册\欧洲ToneCooling\公司注册\地址提供\KYC审核","KYC审核","2026-06-01 22:46:04"
"广东东吉公司资料\欧洲公司注册\欧洲ToneCooling\公司注册\欧洲网站建设\域名服务器DNS","域名服务器DNS","2026-06-13 22:55:37"
"广东东吉公司资料\澳洲ToneCooling  Australia\ToneCooling  Australia公司介绍","ToneCooling  Australia公司介绍","2026-06-13 22:55:38"
"广东东吉公司资料\澳洲ToneCooling  Australia\ToneCooling  Australia公司变更","ToneCooling  Australia公司变更","2026-06-13 22:55:38"
"广东东吉公司资料\澳洲ToneCooling  Australia\办公室租赁墨尔本","办公室租赁墨尔本","2026-06-13 22:55:41"
"广东东吉公司资料\澳洲ToneCooling  Australia\大图样品资料--澳洲市场","大图样品资料--澳洲市场","2026-06-13 22:55:54"
"广东东吉公司资料\澳洲ToneCooling  Australia\新建文件夹","新建文件夹","2026-06-13 22:55:59"
"广东东吉公司资料\澳洲ToneCooling  Australia\澳洲市场开发","澳洲市场开发","2026-06-13 22:55:59"
"广东东吉公司资料\澳洲ToneCooling  Australia\澳洲网站","澳洲网站","2026-06-13 22:56:05"
"广东东吉公司资料\澳洲ToneCooling  Australia\ToneCooling  Australia公司变更\变更付费","变更付费","2026-06-13 22:55:38"
"广东东吉公司资料\澳洲ToneCooling  Australia\ToneCooling  Australia公司变更\变更资料","变更资料","2026-06-13 22:55:38"
"广东东吉公司资料\澳洲ToneCooling  Australia\ToneCooling  Australia公司变更\商标注册ToneCooling澳大利亚","商标注册ToneCooling澳大利亚","2026-06-13 22:55:40"
"广东东吉公司资料\澳洲ToneCooling  Australia\ToneCooling  Australia公司变更\变更资料\Re_+回复：申请将公司名称变更为+ToneCooling+Australia+并更新主营业务信息","Re_+回复：申请将公司名称变更为+ToneCooling+Australia+并更新主营业务信息","2026-06-13 22:55:38"
"广东东吉公司资料\澳洲ToneCooling  Australia\ToneCooling  Australia公司变更\商标注册ToneCooling澳大利亚\IP Australia Filing Receipt - AMCZ-2615489228_files","IP Australia Filing Receipt - AMCZ-2615489228_files","2026-06-13 22:55:39"
"广东东吉公司资料\澳洲ToneCooling  Australia\ToneCooling  Australia公司变更\商标注册ToneCooling澳大利亚\IP_Australia_Correspondence","IP_Australia_Correspondence","2026-06-13 22:55:39"
"广东东吉公司资料\澳洲ToneCooling  Australia\ToneCooling  Australia公司变更\商标注册ToneCooling澳大利亚\ToneCooling_Australia_Brand_Kit","ToneCooling_Australia_Brand_Kit","2026-06-13 22:55:39"
"广东东吉公司资料\澳洲ToneCooling  Australia\ToneCooling  Australia公司变更\商标注册ToneCooling澳大利亚\ToneCooling_Australia_Enterprise_Brand_System","ToneCooling_Australia_Enterprise_Brand_System","2026-06-13 22:55:39"
"广东东吉公司资料\澳洲ToneCooling  Australia\ToneCooling  Australia公司变更\商标注册ToneCooling澳大利亚\ToneCooling_Australia_Logo_Package","ToneCooling_Australia_Logo_Package","2026-06-13 22:55:40"
"广东东吉公司资料\澳洲ToneCooling  Australia\ToneCooling  Australia公司变更\商标注册ToneCooling澳大利亚\ToneCooling_Global_Brand_System","ToneCooling_Global_Brand_System","2026-06-13 22:55:40"
"广东东吉公司资料\澳洲ToneCooling  Australia\ToneCooling  Australia公司变更\商标注册ToneCooling澳大利亚\ToneCooling_Global_Brand_System\ToneCooling_Global_Brand_System","ToneCooling_Global_Brand_System","2026-06-13 22:55:41"
"广东东吉公司资料\澳洲ToneCooling  Australia\大图样品资料--澳洲市场\GB200300工程图","GB200300工程图","2026-06-13 22:55:42"
"广东东吉公司资料\澳洲ToneCooling  Australia\大图样品资料--澳洲市场\GB300","GB300","2026-06-13 22:55:43"
"广东东吉公司资料\澳洲ToneCooling  Australia\大图样品资料--澳洲市场\图纸","图纸","2026-06-13 22:55:46"
"广东东吉公司资料\澳洲ToneCooling  Australia\大图样品资料--澳洲市场\客户热管理工程师资料包”清单输出","客户热管理工程师资料包”清单输出","2026-06-13 22:55:54"
"广东东吉公司资料\澳洲ToneCooling  Australia\大图样品资料--澳洲市场\展品高清图","展品高清图","2026-06-13 22:55:59"
"广东东吉公司资料\澳洲ToneCooling  Australia\大图样品资料--澳洲市场\GB300\3月17-18","3月17-18","2026-06-13 22:55:43"
"广东东吉公司资料\澳洲ToneCooling  Australia\大图样品资料--澳洲市场\GB300\GB300冷板相关资料","GB300冷板相关资料","2026-06-13 22:55:43"
"广东东吉公司资料\澳洲ToneCooling  Australia\大图样品资料--澳洲市场\GB300\3月17-18\Floorplan & Attendee List_ Data Centre Leaders Summit, Sydney _ Last remaining positions","Floorplan & Attendee List_ Data Centre Leaders Summit, Sydney _ Last remaining positions","2026-06-13 22:55:43"
"广东东吉公司资料\澳洲ToneCooling  Australia\大图样品资料--澳洲市场\图纸\AMD SP5资料包","AMD SP5资料包","2026-06-13 22:55:44"
"广东东吉公司资料\澳洲ToneCooling  Australia\大图样品资料--澳洲市场\图纸\DTC-Birch-stream-冷板组","DTC-Birch-stream-冷板组","2026-06-13 22:55:44"
"广东东吉公司资料\澳洲ToneCooling  Australia\大图样品资料--澳洲市场\图纸\EGS资料包","EGS资料包","2026-06-13 22:55:45"
"广东东吉公司资料\澳洲ToneCooling  Australia\大图样品资料--澳洲市场\图纸\GB200资料","GB200资料","2026-06-13 22:55:45"
"广东东吉公司资料\澳洲ToneCooling  Australia\大图样品资料--澳洲市场\图纸\H200资料包","H200资料包","2026-06-13 22:55:46"
"广东东吉公司资料\澳洲ToneCooling  Australia\大图样品资料--澳洲市场\图纸\AMD SP5资料包\AMD SP5资料包","AMD SP5资料包","2026-06-13 22:55:44"
"广东东吉公司资料\澳洲ToneCooling  Australia\大图样品资料--澳洲市场\图纸\DTC-Birch-stream-冷板组\DTC-Birch-stream-冷板组","DTC-Birch-stream-冷板组","2026-06-13 22:55:45"
"广东东吉公司资料\澳洲ToneCooling  Australia\大图样品资料--澳洲市场\图纸\EGS资料包\EGS资料包","EGS资料包","2026-06-13 22:55:45"
"广东东吉公司资料\澳洲ToneCooling  Australia\大图样品资料--澳洲市场\图纸\GB200资料\GB200资料","GB200资料","2026-06-13 22:55:46"
"广东东吉公司资料\澳洲ToneCooling  Australia\大图样品资料--澳洲市场\图纸\GB200资料\GB200资料\CPU","CPU","2026-06-13 22:55:45"
"广东东吉公司资料\澳洲ToneCooling  Australia\大图样品资料--澳洲市场\图纸\GB200资料\GB200资料\GPU","GPU","2026-06-13 22:55:46"
"广东东吉公司资料\澳洲ToneCooling  Australia\大图样品资料--澳洲市场\图纸\GB200资料\GB200资料\不锈钢波纹管","不锈钢波纹管","2026-06-13 22:55:46"
"广东东吉公司资料\澳洲ToneCooling  Australia\大图样品资料--澳洲市场\图纸\GB200资料\GB200资料\分水器","分水器","2026-06-13 22:55:46"
"广东东吉公司资料\澳洲ToneCooling  Australia\大图样品资料--澳洲市场\图纸\GB200资料\GB200资料\宝塔","宝塔","2026-06-13 22:55:46"
"广东东吉公司资料\澳洲ToneCooling  Australia\大图样品资料--澳洲市场\图纸\GB200资料\GB200资料\弹簧螺丝","弹簧螺丝","2026-06-13 22:55:46"
"广东东吉公司资料\澳洲ToneCooling  Australia\大图样品资料--澳洲市场\图纸\H200资料包\H200资料包","H200资料包","2026-06-13 22:55:46"
"广东东吉公司资料\澳洲ToneCooling  Australia\大图样品资料--澳洲市场\客户热管理工程师资料包”清单输出\DTC-Birch-stream-冷板组","DTC-Birch-stream-冷板组","2026-06-13 22:55:47"
"广东东吉公司资料\澳洲ToneCooling  Australia\大图样品资料--澳洲市场\客户热管理工程师资料包”清单输出\GB200资料","GB200资料","2026-06-13 22:55:51"
"广东东吉公司资料\澳洲ToneCooling  Australia\大图样品资料--澳洲市场\客户热管理工程师资料包”清单输出\GB300冷板相关资料","GB300冷板相关资料","2026-06-13 22:55:52"
"广东东吉公司资料\澳洲ToneCooling  Australia\大图样品资料--澳洲市场\客户热管理工程师资料包”清单输出\TONECOOLING规格书图纸","TONECOOLING规格书图纸","2026-06-13 22:55:54"
"广东东吉公司资料\澳洲ToneCooling  Australia\大图样品资料--澳洲市场\客户热管理工程师资料包”清单输出\DTC-Birch-stream-冷板组\DTC-Birch-stream-冷板组","DTC-Birch-stream-冷板组","2026-06-13 22:55:48"
"广东东吉公司资料\澳洲ToneCooling  Australia\大图样品资料--澳洲市场\客户热管理工程师资料包”清单输出\GB200资料\gb200(1)","gb200(1)","2026-06-13 22:55:49"
"广东东吉公司资料\澳洲ToneCooling  Australia\大图样品资料--澳洲市场\客户热管理工程师资料包”清单输出\GB200资料\GB200资料","GB200资料","2026-06-13 22:55:49"
"广东东吉公司资料\澳洲ToneCooling  Australia\大图样品资料--澳洲市场\客户热管理工程师资料包”清单输出\GB200资料\发客户GB200图纸","发客户GB200图纸","2026-06-13 22:55:51"
"广东东吉公司资料\澳洲ToneCooling  Australia\大图样品资料--澳洲市场\客户热管理工程师资料包”清单输出\GB200资料\gb200(1)\HWCSP1032700A-16(1)","HWCSP1032700A-16(1)","2026-03-16 16:11:46"
"广东东吉公司资料\澳洲ToneCooling  Australia\大图样品资料--澳洲市场\客户热管理工程师资料包”清单输出\GB200资料\GB200资料\CPU","CPU","2026-06-13 22:55:49"
"广东东吉公司资料\澳洲ToneCooling  Australia\大图样品资料--澳洲市场\客户热管理工程师资料包”清单输出\GB200资料\GB200资料\GPU","GPU","2026-06-13 22:55:49"
"广东东吉公司资料\澳洲ToneCooling  Australia\大图样品资料--澳洲市场\客户热管理工程师资料包”清单输出\GB200资料\GB200资料\不锈钢波纹管","不锈钢波纹管","2026-06-13 22:55:49"
"广东东吉公司资料\澳洲ToneCooling  Australia\大图样品资料--澳洲市场\客户热管理工程师资料包”清单输出\GB200资料\GB200资料\分水器","分水器","2026-06-13 22:55:49"
"广东东吉公司资料\澳洲ToneCooling  Australia\大图样品资料--澳洲市场\客户热管理工程师资料包”清单输出\GB200资料\GB200资料\宝塔","宝塔","2026-06-13 22:55:49"
"广东东吉公司资料\澳洲ToneCooling  Australia\大图样品资料--澳洲市场\客户热管理工程师资料包”清单输出\GB200资料\GB200资料\弹簧螺丝","弹簧螺丝","2026-06-13 22:55:50"
"广东东吉公司资料\澳洲ToneCooling  Australia\大图样品资料--澳洲市场\客户热管理工程师资料包”清单输出\GB200资料\发客户GB200图纸\gb200(2)","gb200(2)","2026-06-13 22:55:51"
"广东东吉公司资料\澳洲ToneCooling  Australia\大图样品资料--澳洲市场\展品高清图\展品高清图","展品高清图","2026-06-13 22:55:55"
"广东东吉公司资料\澳洲ToneCooling  Australia\大图样品资料--澳洲市场\展品高清图\领英","领英","2026-06-13 22:55:59"
"广东东吉公司资料\澳洲ToneCooling  Australia\大图样品资料--澳洲市场\展品高清图\领英推广","领英推广","2026-06-13 22:55:59"
"广东东吉公司资料\澳洲ToneCooling  Australia\大图样品资料--澳洲市场\展品高清图\展品高清图\澳洲市场用","澳洲市场用","2026-06-13 22:55:58"
"广东东吉公司资料\澳洲ToneCooling  Australia\澳洲市场开发\四张图","四张图","2026-06-13 22:55:59"
"广东东吉公司资料\澳洲ToneCooling  Australia\澳洲市场开发\澳洲 B2B 平台上架文案包（ToneCooling Australia）","澳洲 B2B 平台上架文案包（ToneCooling Australia）","2026-02-27 03:26:04"
"广东东吉公司资料\澳洲ToneCooling  Australia\澳洲网站\AI Data Center Cooling","AI Data Center Cooling","2026-06-13 22:56:01"
"广东东吉公司资料\澳洲ToneCooling  Australia\澳洲网站\ToneCooling_Australia网站资料-Aaron","ToneCooling_Australia网站资料-Aaron","2026-06-13 22:56:04"
"广东东吉公司资料\澳洲ToneCooling  Australia\澳洲网站\ToneCooling网页内容","ToneCooling网页内容","2026-06-13 22:56:05"
"广东东吉公司资料\澳洲ToneCooling  Australia\澳洲网站\封面图","封面图","2026-06-13 22:56:05"
"广东东吉公司资料\澳洲ToneCooling  Australia\澳洲网站\执行","执行","2026-06-13 22:56:05"
"广东东吉公司资料\澳洲ToneCooling  Australia\澳洲网站\澳洲ToneCooling网站服务器WP后台","澳洲ToneCooling网站服务器WP后台","2026-06-13 22:56:05"
"广东东吉公司资料\澳洲ToneCooling  Australia\澳洲网站\ToneCooling_Australia网站资料-Aaron\Agent相关","Agent相关","2026-06-13 22:56:02"
"广东东吉公司资料\澳洲ToneCooling  Australia\澳洲网站\ToneCooling_Australia网站资料-Aaron\SEO GEO SGE相关","SEO GEO SGE相关","2026-06-13 22:56:02"
"广东东吉公司资料\澳洲ToneCooling  Australia\澳洲网站\ToneCooling_Australia网站资料-Aaron\产品图片","产品图片","2026-06-13 22:56:03"
"广东东吉公司资料\澳洲ToneCooling  Australia\澳洲网站\ToneCooling_Australia网站资料-Aaron\公司介绍","公司介绍","2026-06-13 22:56:04"
"广东东吉公司资料\澳洲ToneCooling  Australia\澳洲网站\ToneCooling_Australia网站资料-Aaron\技术数据","技术数据","2026-06-13 22:56:04"
"广东东吉公司资料\澳洲ToneCooling  Australia\澳洲网站\ToneCooling_Australia网站资料-Aaron\规格书三D图纸","规格书三D图纸","2026-03-10 00:38:42"
"广东东吉公司资料\澳洲ToneCooling  Australia\澳洲网站\ToneCooling_Australia网站资料-Aaron\设计方案","设计方案","2026-06-13 22:56:05"
"广东东吉公司资料\澳洲ToneCooling  Australia\澳洲网站\ToneCooling_Australia网站资料-Aaron\产品图片\ToneCooling_Australia_Website_Image_Pack_AU","ToneCooling_Australia_Website_Image_Pack_AU","2026-06-13 22:56:03"
"广东东吉公司资料\澳洲ToneCooling  Australia\澳洲网站\ToneCooling_Australia网站资料-Aaron\产品图片\原图","原图","2026-06-13 22:56:03"
"广东东吉公司资料\澳洲ToneCooling  Australia\澳洲网站\ToneCooling_Australia网站资料-Aaron\设计方案\网页设计成品","网页设计成品","2026-06-13 22:56:05"
"广东东吉公司资料\美国公司注册\ToneCooling美国公司介绍","ToneCooling美国公司介绍","2026-06-13 22:56:08"
"广东东吉公司资料\美国公司注册\美国公司注册文件税务管理","美国公司注册文件税务管理","2026-06-13 22:56:09"
"广东东吉公司资料\美国公司注册\美国平台注册","美国平台注册","2026-06-13 22:56:09"
"广东东吉公司资料\美国公司注册\美国网页设计","美国网页设计","2026-06-13 22:56:12"
"广东东吉公司资料\美国公司注册\龙虾","龙虾","2026-06-13 22:56:13"
"广东东吉公司资料\美国公司注册\美国公司注册文件税务管理\AI代理岗位职责权限","AI代理岗位职责权限","2026-06-13 22:56:08"
"广东东吉公司资料\美国公司注册\美国公司注册文件税务管理\怀俄明地址文件","怀俄明地址文件","2026-06-13 22:56:08"
"广东东吉公司资料\美国公司注册\美国公司注册文件税务管理\美国ToneCooling注册文件","美国ToneCooling注册文件","2026-06-13 22:56:09"
"广东东吉公司资料\美国公司注册\美国公司注册文件税务管理\美国ToneCooling税务管理","美国ToneCooling税务管理","2026-06-13 22:56:09"
"广东东吉公司资料\美国公司注册\美国公司注册文件税务管理\怀俄明地址文件\Your receipt from Start In Wyoming, Inc. #2996-5978","Your receipt from Start In Wyoming, Inc. #2996-5978","2026-06-13 22:56:08"
"广东东吉公司资料\美国公司注册\美国公司注册文件税务管理\怀俄明地址文件\租约","租约","2026-06-13 22:56:09"
"广东东吉公司资料\美国公司注册\美国公司注册文件税务管理\怀俄明地址文件\租约\地址验证用Signature_Request_-_Lease_Agreement_ToneCooling_Texas_LLC_-_Suite_677","地址验证用Signature_Request_-_Lease_Agreement_ToneCooling_Texas_LLC_-_Suite_677","2026-06-13 22:56:09"
"广东东吉公司资料\美国公司注册\美国公司注册文件税务管理\美国ToneCooling注册文件\03-23-26 - TX - Formation Document - ToneCooling Texas LLC","03-23-26 - TX - Formation Document - ToneCooling Texas LLC","2026-06-13 22:56:09"
"广东东吉公司资料\美国公司注册\美国公司注册文件税务管理\美国ToneCooling税务管理\EIN申请表格Form SS-4","EIN申请表格Form SS-4","2026-06-13 22:56:09"
"广东东吉公司资料\美国公司注册\美国公司注册文件税务管理\美国ToneCooling税务管理\传真平台","传真平台","2026-06-13 22:56:09"
"广东东吉公司资料\美国公司注册\美国公司注册文件税务管理\美国ToneCooling税务管理\EIN申请表格Form SS-4\EIN","EIN","2026-06-13 22:56:09"
"广东东吉公司资料\美国公司注册\美国公司注册文件税务管理\美国ToneCooling税务管理\EIN申请表格Form SS-4\全","全","2026-06-13 22:56:09"
"广东东吉公司资料\美国公司注册\美国公司注册文件税务管理\美国ToneCooling税务管理\EIN申请表格Form SS-4\发传真","发传真","2026-06-13 22:56:09"
"广东东吉公司资料\美国公司注册\美国网页设计\第二版","第二版","2026-06-13 22:56:11"
"广东东吉公司资料\美国公司注册\美国网页设计\网站美版---第一版","网站美版---第一版","2026-06-13 22:56:13"
"广东东吉公司资料\美国公司注册\美国网页设计\第二版\标准","标准","2026-06-13 22:56:10"
"广东东吉公司资料\美国公司注册\美国网页设计\第二版\网页设计","网页设计","2026-06-13 22:56:11"
"广东东吉公司资料\美国公司注册\美国网页设计\第二版\标准\宪法1","宪法1","2026-06-13 22:56:11"
"广东东吉公司资料\美国公司注册\美国网页设计\第二版\网页设计\tonecooling-website","tonecooling-website","2026-06-13 22:56:11"
"广东东吉公司资料\美国公司注册\美国网页设计\第二版\网页设计\tonecooling-website\assets","assets","2026-06-13 22:56:11"
"广东东吉公司资料\美国公司注册\美国网页设计\第二版\网页设计\tonecooling-website\assets\images","images","2026-06-13 22:56:12"
"广东东吉公司资料\美国公司注册\美国网页设计\第二版\网页设计\tonecooling-website\assets\images\capabilities","capabilities","2026-06-13 22:56:11"
"广东东吉公司资料\美国公司注册\美国网页设计\第二版\网页设计\tonecooling-website\assets\images\why-texas-llc","why-texas-llc","2026-06-13 22:56:12"
